discount_percentage,product_price,delivery_delay_days,customer_satisfaction,returned,time_on_product_page,product_weight_kg,warehouse_distance_km,days_since_last_purchase,number_of_items_in_order,session_length_minutes,return_history_count,product_category_score,days_to_shipment
0.18,0.87,1,0.15,0,0.28,0.29,16.91,13,3,13,1,0.65,2
0.66,2.65,1,1.83,1,0.4,0.11,2.64,12,1,20,2,2.05,3
2.38,3.2,0,2.54,1,1.4,0.71,2.63,14,1,27,1,0.42,4
2.61,3.04,2,2.67,1,0.8,0.31,2.48,13,1,26,0,0.16,3
0.56,0.49,0,0.46,0,0.06,0.24,0.85,13,1,44,1,1.19,3
1.08,0.35,1,0.55,0,0.09,0.47,7.59,13,1,34,0,0.69,3
0.83,0.77,0,0.32,0,2.18,0.53,5.62,12,3,107,1,0.15,4
2.46,3.3,1,2.39,1,0.95,0.13,1.42,12,1,29,1,0.08,2
1.93,2.46,2,1.32,1,0.15,0.52,30.77,13,1,10,1,1.01,2
0.34,1.82,3,0.2,1,0.97,0.99,13.74,13,0,27,0,0.77,2
0.43,0.6,2,0.59,0,0.82,1.22,5.69,12,1,0,2,1.12,3
2.21,2.56,2,1.91,1,1.02,1.03,3.73,13,1,21,1,0.27,3
2.27,2.41,1,1.24,1,0.83,0.16,12.72,12,1,16,1,1.29,2
1.28,0.93,1,0.24,0,1.41,0.45,5.01,12,0,54,0,1.1,4
1.08,0.03,0,0.01,0,0.46,0.54,0.03,13,1,59,1,0.21,3
1.05,0.85,1,0.33,0,1.04,0.74,13.35,12,0,10,1,0.79,2
0.04,0.57,0,0.16,0,0.2,1.06,0.52,13,0,43,0,0.31,2
2.68,3.79,1,1.29,1,1.12,0.29,14.53,14,0,42,2,1.47,3
0.03,0.36,1,0.99,0,0.39,2.22,11.98,13,0,6,1,1.64,2
0.03,0.3,0,1.02,0,2.39,2.1,6.83,12,1,28,0,0.71,3
2.94,1.82,3,2.89,1,0.42,0.45,17.96,12,1,54,1,0.49,2
0.52,2.69,0,1.6,0,0.73,0.01,2.38,12,1,88,2,0.16,2
0.1,0.35,1,1.22,0,0.19,1.6,22.77,13,1,18,1,0.01,3
0.46,1,2,0.16,0,0.54,0.72,23.94,14,1,68,0,0.5,2
0.43,0.1,2,0.89,0,0.83,1.07,20.74,12,1,8,1,0.35,2
1.69,3.78,0,0.99,1,1.12,0.71,0.19,12,0,13,1,0.34,3
0.22,0.08,0,0.03,0,0.03,1.61,0.21,12,1,9,1,1.56,2
1.52,2.83,2,3.47,1,1.04,0.33,14.78,13,0,4,1,0.96,2
3.26,1.08,0,0.85,1,0.08,0.71,18.21,13,1,72,0,0.35,3
0.89,0.55,1,0.81,0,0.07,1.03,5.02,12,0,17,0,1.03,3
1.81,2.12,1,2.49,1,0.48,2.54,0.4,13,0,22,2,0.59,3
0.44,0.64,0,0.42,0,0.44,0.26,0.7,13,1,11,0,0.15,2
1.45,1.74,2,0.86,0,0.39,0.45,15.82,12,0,31,1,0.66,3
2.2,2.32,2,1.4,1,0.41,0.91,1.23,12,0,31,0,2.28,3
3.03,0.17,1,2.76,1,0.87,0.01,1.37,15,0,47,0,2.07,2
0.51,1.19,1,3.29,1,0.97,0.5,1.51,13,1,13,1,0.41,3
0.27,0.48,2,0.38,0,1.3,1.85,1.25,12,0,19,0,0.37,4
0.89,0.37,1,0.12,0,0.21,0.92,17.31,13,0,23,1,1.85,3
2.08,1.61,1,1.9,1,0.85,0.93,3.31,13,0,32,2,0.83,3
1.07,1.93,1,1.18,0,0.06,0.11,10.79,12,0,15,1,0.29,3
0.52,0.28,0,0.4,0,1.78,0.01,2.25,13,3,45,0,0.42,3
1.41,0.85,0,0.27,0,0.51,1.06,2.57,12,2,59,1,0.18,2
2.3,0.05,0,0.04,0,0.75,0.65,9.72,12,1,65,1,0.42,3
1.64,3.41,1,1.32,1,1.48,0.82,11.34,12,1,68,2,1.25,2
0.45,0.05,0,0.67,0,1.19,0.82,10.92,13,1,30,1,2.59,3
3.45,0.3,2,0.33,1,0.78,1.47,12.63,13,0,27,1,1.03,4
1.58,1.25,1,1.18,0,1.22,1.36,6.05,13,2,19,1,0.92,2
1.48,2.06,3,1.01,1,0.76,0.7,2.79,12,0,36,1,0.26,2
1.58,1.05,1,0.32,1,0.76,0.98,2.72,13,1,8,1,0.26,2
0.28,0.37,0,0.48,0,0.54,0.22,11.98,13,0,8,0,0.52,2
0.66,3.7,2,1.7,1,0.54,0.25,2.56,13,1,21,1,0.8,3
1.08,2.92,2,2.03,1,0.43,1.7,5.61,12,2,12,2,2,3
1,0.44,2,0.46,1,0.17,1.16,5.4,13,2,38,2,0.27,2
1.23,2.27,2,2.92,1,0.93,0.19,14.97,13,0,21,2,1.24,3
1.97,2.24,1,2.47,1,0.43,0.74,25.72,14,1,23,1,0.62,4
2.23,2.3,2,1.9,1,0.02,1.35,15.13,13,2,29,0,0.1,3
1.55,1.9,1,1.24,0,0.24,0.73,18.93,12,1,17,1,0.09,2
1,1.63,0,0.38,0,1.15,0.21,11.19,13,1,32,1,0.71,2
0.98,2.22,0,0.97,0,0.57,1.18,0.34,13,1,4,0,0.66,2
0.21,0.16,0,0.31,0,1.77,0.69,6.17,12,0,29,1,0.06,2
0.05,0.3,0,0.61,0,0.6,0.63,8.51,13,1,9,1,1.77,3
0.67,1.52,2,0.71,0,0.11,1.7,11.08,13,1,26,0,1.04,2
0.88,0.52,1,0.52,1,1.09,0.75,19.67,12,0,10,0,0.12,2
0.38,1.17,0,1.37,0,0.5,0.17,16.37,12,0,20,1,1.96,2
0.17,0.22,0,1.61,0,2.38,0.75,1.34,12,1,16,0,1.02,4
2.49,3.1,0,0.67,1,1.28,0.13,6.52,14,2,30,1,0.17,2
0.29,0.59,1,1.09,0,1.05,2.53,2.27,12,0,31,1,0.26,4
4.46,2.84,1,1.96,1,0.63,1.24,15.03,13,1,32,1,0.86,3
0.64,0.61,1,0.15,0,0.18,0.11,12.92,13,1,9,0,2.5,2
1.47,2.54,2,2.93,1,0.95,1.69,16.7,13,0,15,2,2.04,2
1.38,2.55,1,2.02,1,0.97,0.41,1.73,13,0,61,0,1.05,3
0.56,0.83,2,0.49,0,0.03,0.62,7.47,12,1,46,1,0.27,2
0.64,1.1,1,1.3,0,0.34,0.37,9.8,14,1,8,1,0.02,3
3.19,1.78,2,2.61,1,0.39,1.17,7.24,13,3,50,2,0.55,3
3.42,0.78,3,1.87,1,1.12,1.74,4.09,12,0,19,0,0.1,3
1.43,2.51,1,1.65,1,0.22,1.27,3.79,13,0,28,2,1.04,3
1.17,2.72,3,2.9,1,0.17,0.33,3.9,12,0,75,1,0.48,2
0.47,0.23,0,0.59,0,0.95,0.81,3.67,13,1,6,0,0.78,4
0.55,1.18,0,0.72,0,0.34,0.23,7.86,13,3,57,1,1.74,4
0.63,0.19,0,0.2,0,0.94,0.18,0.83,12,1,37,1,1.01,3
2.2,2.53,1,1.95,1,0.05,0.92,0.07,13,0,60,1,0.72,3
0.48,1.52,2,2.29,1,0.05,0.64,28.24,13,0,8,1,0.36,3
1.55,1.1,1,0.01,0,1.01,0.05,5.64,13,1,21,1,0.17,4
1.8,0.68,2,0.22,0,1.05,1.71,5.24,12,1,4,1,0.03,2
0.61,0.41,1,0.37,0,0.34,2.09,9.74,12,1,80,0,1.04,2
0.39,0.31,2,0.73,0,0.43,0.45,2.62,13,2,18,2,0.77,2
2.29,2.84,3,1.18,1,2.21,0.23,1.36,12,0,2,1,0.19,2
2.33,2.89,3,0.15,1,1.41,0.63,0.99,12,1,1,1,1.77,2
2.66,1.47,0,1.36,1,0.02,0.98,0.45,13,1,57,0,1.04,2
2.01,1.23,0,1,0,0.85,0.03,5.17,13,1,5,0,0.63,2
0.18,0.64,1,1.39,0,1.89,0.16,6.98,13,0,55,0,0.36,3
1.2,1.54,1,1.34,1,0.68,0.46,20.98,12,1,4,2,1.75,4
0.62,4.09,1,2.6,1,0.3,0.14,2.85,12,3,11,1,0.65,2
1.27,2.58,2,2.98,1,1.82,1.18,1.37,14,0,114,0,1.1,2
1.97,2.03,3,2.24,1,2.44,0.68,8.15,12,1,11,0,0.27,3
1.79,0.91,1,1.19,0,1.67,0.11,0.34,12,1,10,0,1.1,2
1.48,2.94,1,0.55,1,1.9,1.44,12.28,13,0,50,1,2.12,3
0.22,0.67,0,0.24,0,0.99,0.92,5.65,12,0,26,1,1.38,4
0.02,0.29,2,1.53,0,0.3,0.63,12.43,13,0,75,1,0.6,3
1.19,0.19,1,0.2,0,0.39,0.64,2.08,12,1,53,1,1.62,3
2.53,2.24,1,0.3,0,2.4,1.39,6.72,14,1,70,1,0.83,2
1.47,4.12,3,1.32,1,0.72,1.4,15.2,12,1,66,1,0.04,2
0.49,0.61,1,1.84,0,0.15,1.06,8.94,12,0,122,2,0.9,2
3.04,1.54,1,2.39,1,0.41,0.23,8.94,13,2,27,1,1.25,3
2.68,4.75,1,1.56,1,1.75,0.86,6.72,12,1,17,1,0.8,4
1.85,0.5,0,0.54,0,0.44,1.23,15.81,13,2,55,1,0,2
0.58,0.53,1,2.2,0,0.6,1.17,16.67,13,0,1,1,0.81,3
1.64,0.61,2,1.66,1,0.6,0.45,20.54,13,2,1,1,1.37,3
0.59,0.39,0,0.14,0,0.34,0.59,9.76,12,1,90,0,0.64,3
1.11,0.38,0,0.85,0,0.49,1,16.23,14,0,67,1,0.8,2
0.82,0.14,1,0.69,0,0.54,0.31,9.98,13,1,7,1,1.22,3
0.51,2.13,0,0.58,0,0.63,0.94,5.48,12,1,13,2,1.14,2
3.07,1.23,1,2.3,1,0.2,1.09,4.79,13,2,8,0,0.96,2
3.17,1.78,1,3.41,1,0.28,0.32,1.17,13,2,83,1,1.63,3
3.38,1.49,1,1.89,1,1.43,0.07,8.63,14,1,34,1,1.22,2
2.65,1.93,1,0.5,1,0.42,0,15.33,13,1,58,1,0.36,2
1.83,4.08,1,0.11,1,0.07,1.03,26.42,13,0,30,0,2.39,2
0.15,1.72,2,0.71,0,1.1,0.87,4.97,13,2,8,0,1.71,3
3.21,2.29,2,1.07,1,1.34,1.34,15.49,12,1,6,0,0.33,4
1.18,1.71,1,1.12,1,0.04,0.75,0.94,12,1,3,1,1.14,2
2.37,2.05,2,2.06,1,0.59,0.23,11.33,12,1,45,2,0.86,3
1.61,2.42,1,1.63,1,1.27,0.48,8.73,12,1,35,1,0.55,2
0.03,0.57,1,1.67,0,0.76,0.21,15.3,13,1,63,1,1.46,3
1.28,0.33,0,0.94,0,0.03,0.8,11.47,13,1,2,1,0.48,2
0.19,1.52,0,1.61,0,0.59,0.22,0.64,12,1,11,2,0.88,3
0.05,0.75,0,0.32,0,0.45,0.16,9.18,12,2,6,1,1.25,4
0.64,2.42,0,0.17,1,1.14,0.15,1.62,12,1,6,0,1.32,2
2.75,3.13,0,2.91,1,1.21,1.59,8.77,13,0,73,2,0.06,2
0.65,0.45,1,0.59,0,0.02,1.28,10.83,13,1,40,3,0.15,2
4.16,0.74,2,2.24,1,0.36,0.55,10.97,14,2,49,2,0.4,2
0.31,0.54,2,1.42,0,0.98,0.13,4.77,13,1,69,0,1.2,3
0.22,0.36,2,0.22,0,0.03,0.09,18.8,13,0,60,0,0.83,2
0.25,0.73,1,1.01,0,0.18,2.49,2.22,13,1,2,1,0.36,3
1.58,0.76,1,0.84,0,0.93,0.6,4.98,13,1,71,1,0.57,5
1.9,1.31,0,3,1,0.39,2.21,13.9,13,1,14,1,0.77,2
0.28,1.85,1,0.09,0,0.14,0.07,9.69,13,0,15,1,0.09,2
2.61,2.18,1,1.59,1,0.91,0.18,12.09,12,0,8,1,1.02,3
2.19,1.33,1,0.95,1,0.7,1.45,3.15,12,1,21,0,1.19,3
0.45,0.1,0,0.95,0,0.35,0.59,2.22,13,1,47,2,0.98,3
2.19,0.7,1,1.56,1,0.03,0.19,12.12,13,1,46,1,2.32,3
3.07,2.72,0,0.36,1,1.23,0.01,3.88,13,0,59,1,0.62,2
1.03,0.75,1,0.22,0,1.36,0.44,2.89,12,0,29,0,0.14,3
0.13,0.19,1,0.35,0,0.14,0.17,0.32,12,0,53,1,0.72,3
0.7,0.06,0,1.61,0,0.73,2.08,2.35,14,2,83,1,0.9,3
1.2,0.09,2,0.26,0,1.39,1.79,2.46,14,1,18,0,0.19,3
1.52,0.25,1,0.34,0,1.1,0.36,0.65,13,0,86,1,0.52,2
1.44,2.12,1,0.54,1,0.02,1.42,8.43,13,2,0,2,0.66,3
2.38,1.79,1,1.04,1,1.29,0.88,14.34,12,1,15,1,0.52,2
1.57,1.58,1,1.18,0,0.44,0.18,4.39,12,2,14,0,0.68,3
0.07,0.99,2,0.17,0,0.23,1.14,8.22,13,0,23,1,0.81,3
1.44,1.13,0,0.83,1,0.63,2.62,14.82,13,0,14,1,0.28,3
1.88,0.46,0,1.53,0,0.13,1.38,9.02,13,1,32,0,2.25,2
1.45,0.89,0,0.89,0,1.1,0.62,15.07,13,1,42,1,0.12,3
2.2,0.96,0,0.76,0,0.6,1.21,8.09,13,0,22,1,0.04,2
2.44,1.12,4,1.44,1,1.83,0.62,10.37,13,0,12,1,2.03,2
0.5,1.47,2,0.39,0,2.5,0.23,14.07,12,1,5,1,0.96,3
0.98,2.6,2,0.25,1,1,1.18,0.66,12,1,51,0,1.37,2
2.71,2.23,2,2.83,1,0.49,1.22,14.25,14,1,32,0,0.15,4
0.24,1.64,1,0.35,0,2.7,0.34,3.48,12,0,34,1,0.28,2
1.44,2.39,2,2.27,1,0.8,0.58,4.6,14,1,29,1,0.95,3
1.28,1,0,0.38,0,0.28,2.67,17.51,12,0,16,2,0.82,3
2.87,2.47,1,0.27,1,1.16,0.4,7.47,12,1,5,1,0.69,2
2.65,1.36,2,2.1,1,0.19,1.47,0.22,13,1,8,0,1.29,3
1.9,2.19,1,3.89,1,0.47,0.16,11.56,13,1,11,2,0.29,2
1.85,0.32,1,0.41,0,1.59,0.1,14.31,12,1,11,0,1.18,3
0.93,3.15,1,0.59,1,1.33,0.5,6.08,14,2,54,0,0.91,2
1.53,0.09,0,0.54,0,0.81,0.19,7.87,12,1,40,1,2.2,2
0.69,2.99,0,0.43,0,2.37,1.44,2.25,14,0,15,0,0.65,2
0.05,0.19,1,0.28,0,0.59,0.44,15.68,12,0,32,1,0.39,3
2.24,3.63,1,2.78,1,0.04,1.1,17.97,13,1,41,2,0.55,3
1.76,0.79,0,0.98,1,0.26,0.34,7.49,12,1,76,1,1.54,2
0.35,0.78,1,0.83,0,0.63,0.86,27.08,13,1,53,0,0.39,2
0.75,1.53,1,0.68,1,0.37,0.12,9.36,13,0,38,1,0.55,2
1.44,1.52,1,0.57,0,0.05,0.02,1.43,13,1,74,1,0.47,2
1.92,2.95,1,2.08,1,0.52,1.08,9.97,13,1,35,1,0.15,3
1.12,1.75,1,0.61,0,1.16,0.41,0.32,13,0,45,1,1.43,4
2.34,1.07,1,1.59,1,1.05,0.08,17.45,13,1,46,0,2.49,3
0.46,0.24,3,0.24,0,0.22,1.04,17.84,14,1,6,1,0.61,3
2.57,0.86,3,0.38,1,2.94,1.03,17.11,12,2,63,1,0.92,3
0.45,1.11,0,0.19,0,0.18,0.89,7.66,12,0,82,2,0.35,4
0.64,0.82,0,0.73,0,0.82,0.2,2.97,14,2,17,2,0.28,3
1.33,0.61,0,1.89,0,0.03,2.22,11.68,13,1,37,0,0.82,3
2.2,2.53,2,1.45,1,0.06,0.27,6.84,12,1,48,1,0.69,2
2.71,3.06,2,0.73,1,0.61,0.2,13.99,14,2,12,1,0.95,4
0.09,1.22,1,0.61,0,0.86,0.13,9.1,13,0,55,0,1.43,4
3.44,2.26,2,1.14,1,0.18,1.96,14.81,12,1,84,2,0.87,3
1.32,1.65,1,1.19,1,1.5,0.01,1.73,12,0,32,1,0.11,3
3.8,2.57,1,3.39,1,1.77,0.58,2.58,13,1,79,1,2.44,2
1.96,3.82,1,0.52,1,2.53,0.99,11.2,13,0,72,0,1.69,2
1.43,0.27,1,1.29,0,0.9,0.83,18.46,14,0,0,1,1.09,3
0.13,1.91,1,0.4,0,0.41,0.67,13.5,12,1,38,1,0.73,4
1.32,2.07,1,2.6,1,0.04,0.73,1.89,12,1,62,2,0.63,3
2.84,3.37,2,1.15,1,1.24,0.45,7.08,13,1,47,0,1.47,2
1.35,0.01,2,1.41,1,0.47,0.37,2.88,13,0,36,1,2.11,3
0.45,0.91,0,0.36,0,1.07,1.29,10.88,15,2,1,0,0.63,3
1.89,0.11,0,0.19,0,1.32,0.02,11.31,12,1,33,1,0.25,3
1.55,0.74,3,0.99,1,1.45,0.46,4.3,13,0,41,1,0.96,3
0.42,2.85,2,0.05,1,0.9,0.37,7.03,13,1,62,1,1,2
0.42,1.46,1,0.93,1,2.67,0.1,11.17,12,0,14,0,0.54,2
2.76,1.8,2,2.55,1,0.83,1.07,0.52,14,1,57,0,0.32,4
2.79,1.74,1,0.14,1,1.32,1.31,2.77,13,1,23,1,2.09,2
0.43,1.27,1,1.64,0,0.96,0.95,10.74,13,0,32,1,0.01,3
0.97,0.73,1,3.15,0,0.71,0.23,7.07,13,2,57,1,1.44,2
1.95,1.71,2,2.62,1,0.73,0.31,4.05,12,1,54,0,2.05,3
2,3.65,2,1.26,1,1.14,0.4,3.1,13,1,14,1,0.53,3
1.16,0.96,1,2.08,0,1.22,1.57,9.32,14,1,32,0,0.46,3
1.5,0.12,1,0.55,0,0.01,0.09,12.72,13,1,17,1,0.32,4
2.88,1.91,2,2.05,1,0.03,1.95,6.87,14,1,30,0,0.24,2
0.22,1.13,1,1.92,0,1.61,2.08,12.06,13,1,50,1,1.25,4
0.03,2.41,0,0.77,0,0.16,0.34,12.43,13,1,13,2,0.14,2
2.21,0.48,2,3.19,1,0.48,1.68,14.61,13,1,72,3,0.06,3
0.04,1.4,2,1.97,1,0.13,0.1,2.98,13,0,81,0,2.37,3
1.75,1.93,3,3.48,1,1.31,0.95,10.61,12,2,15,1,0.69,3
0.68,0.21,1,0.75,0,0.04,1.34,19.34,12,1,8,1,0.07,3
1,2.95,2,3.57,1,0.39,0.52,6.53,13,1,57,3,0.4,4
0.28,0.08,1,0.03,0,0.48,0.59,26.52,13,1,29,1,0.88,2
1.8,0.26,0,2.08,0,1.17,0.78,8.54,12,0,2,1,1.34,2
2.64,3.24,1,1.82,1,0.11,1.09,0.39,12,0,7,1,1.37,3
1.43,1.67,1,0.14,1,0.41,0.72,3.14,12,1,39,0,0.69,4
2.57,2.16,1,1.14,1,2.03,0.16,0.33,12,1,31,0,0.45,4
3.4,3.91,1,2.36,1,0.14,0.07,8.13,13,2,7,0,1.49,3
2.92,2.86,1,1.53,1,0.38,1.29,4.07,12,1,25,2,1.11,3
0.06,0.41,1,0.02,0,0.2,3.12,0.12,13,0,2,0,0.66,4
0.65,1.89,0,0.47,0,0.73,0.63,12.86,12,0,39,1,0.69,3
0.7,0.56,2,1.37,0,0.7,0.63,1.18,12,2,62,0,0.74,3
0.39,1.34,0,0.59,0,1.82,0.08,6.49,13,2,83,0,0.39,2
2.9,1.51,2,4.2,1,0.87,0.08,1.83,13,2,10,1,0.23,3
0.64,1.55,1,0.63,0,0.07,0.08,7.7,13,1,83,0,1.25,3
3.05,0.92,2,1.99,1,0.86,0.02,29.54,13,1,41,0,0.42,3
1.46,2.47,2,0.87,1,1.12,0.66,5.15,12,0,19,3,1.02,3
3.32,2.09,0,1.48,1,0.45,0.76,2.24,14,1,65,1,1.24,4
2.2,0.67,1,2.91,1,0.12,0.46,2.45,12,1,49,0,1.38,5
4.08,3.29,1,2.48,1,2.37,1.4,2.42,12,0,73,0,1.21,2
0.69,1.4,1,0.2,0,0.91,0.45,10.18,13,1,38,1,0.92,3
1.74,0.58,1,0.08,0,1.31,0.86,3.06,12,1,82,1,0.66,3
2.2,0.96,1,2.08,1,0.76,1.73,4.69,13,1,9,0,0.39,2
0.65,1.52,0,0.48,0,0.46,0.61,5.72,12,1,17,0,0.8,2
0.48,2.83,2,0.7,0,0.31,0.44,8.33,13,0,55,0,0.04,3
1.68,2.45,2,2.02,1,0.38,1.37,6.3,13,0,8,1,1.67,3
0.42,0.55,1,0.09,0,1.18,1.05,0.97,12,0,96,2,0.78,2
2.52,0.8,2,0.67,1,0.43,0.01,11.34,13,2,23,0,1.17,4
1.43,2.46,2,2.92,1,1.42,0.46,9.24,12,0,32,0,1.51,4
1.98,2.41,3,3.35,1,0.09,0.79,17.81,14,1,20,1,0.25,2
2.14,1.15,1,0.78,0,1.02,1.06,10.5,13,1,26,1,0.61,3
1.73,1.87,3,0.68,0,2.11,0.86,3.23,12,0,26,1,0.31,3
2.44,2.39,2,1.82,1,1.73,2.25,1.95,14,0,9,0,0.56,2
0.04,0.19,2,0.78,0,1.23,0.46,2.51,13,0,33,1,0,3
2.12,1.55,3,1.76,1,2.12,2.77,1.8,14,0,32,0,0.67,2
2.61,2.51,2,0.1,1,0.8,0.5,17.45,14,0,20,1,0.47,2
0.98,1.97,1,0.7,1,0.67,0.99,15.86,12,0,3,1,1.02,3
0.26,2.49,1,0.86,0,1.26,0.62,0.88,12,1,45,0,2.12,2
1.67,0.66,1,1.42,0,0.04,0.79,13.49,13,0,0,1,0.74,2
2.4,1.55,2,2.65,1,1.53,1.15,8.55,12,1,1,1,0.21,3
0.65,0.98,1,2.84,0,0.87,0.36,17.21,12,1,49,1,1.09,3
0.48,0.06,1,0.81,0,0.73,1.4,21.53,12,1,60,1,0.67,3
3.57,1.55,4,0.54,1,0.82,1.04,8.18,12,0,36,1,0.76,3
0.77,2.34,2,0.98,1,1.57,1.05,9.94,12,0,21,0,0.85,3
0.54,1.83,1,1.72,1,0.64,0.38,0.49,12,4,34,0,1.51,2
2.22,2.96,1,1.52,1,1.31,0.39,8.02,13,1,31,3,0.84,2
1.05,0.21,2,0.69,0,0.39,1.07,8.53,13,1,78,0,1.1,3
3.68,1.39,1,1.3,1,2.07,0.09,4.43,12,1,23,2,2.04,3
1.54,1.84,1,0.73,1,0.38,0.06,4.83,13,0,64,2,0.76,3
1.08,0.59,1,1.62,0,0.67,0.66,8.93,13,1,20,0,0.04,4
1.96,1.78,2,1.2,1,0.29,0.84,7.42,12,4,29,1,0.53,2
1.83,1.29,1,0.57,1,0.99,0.9,5,13,0,8,0,0.6,2
2.88,4.05,3,1.92,1,1.46,1.03,14.09,12,1,37,1,0.66,3
2.65,0.84,2,0.8,1,1.58,0.05,7.27,13,0,56,0,0.33,3
0.42,2.34,1,1.31,1,1.18,0.3,12.36,12,1,7,0,1.64,3
1.48,0.43,0,0.1,0,0.37,0.17,15.43,12,0,0,0,1.67,3
1.38,1.2,0,0.39,0,0.62,0.71,1.41,13,1,16,1,1.42,3
1.37,3.37,2,2.24,1,0.02,0.32,8.1,13,0,5,1,2.32,3
2.4,2.71,1,1.32,1,0.71,1.03,6.07,13,0,109,2,0.69,3
2.49,2.29,1,1.04,1,0.29,0.44,8.16,13,1,43,0,0.94,3
2.26,2.78,1,1.31,1,2.61,0.19,0.6,12,1,2,1,0.11,3
1.45,0.27,0,2.52,1,0.07,1.19,13.4,12,0,77,1,0.68,2
1.33,2.86,1,1.29,1,0.56,0.43,17.23,14,2,24,0,0.16,2
1.97,2.56,1,0.04,1,0.58,0.9,4.49,12,1,36,0,0.28,3
3.17,1.8,2,1.05,1,0.22,0.19,11.5,12,1,27,0,0.22,3
2.54,3.2,2,0.54,1,0.28,0.36,0.63,12,1,17,2,1.47,2
1.63,2.4,2,1.74,1,0.33,2,3.08,12,1,42,1,1.21,5
2.77,1.68,2,0.75,1,2.05,0.15,14.16,13,0,43,1,0.81,3
2.85,0.33,0,0.28,0,1.9,2.87,9.02,15,0,25,0,0.58,3
1.15,0.09,0,0.95,0,1.29,0.06,1.42,12,1,70,1,0.27,3
1.74,0.53,0,0.32,0,1.01,1.94,5.49,13,0,56,0,1.49,2
1.64,3.51,2,2.49,1,1.11,0.07,0.86,12,1,33,0,0.56,3
1.12,0.32,1,0.63,0,0,0.27,4.57,13,0,55,1,1.26,2
1.29,1.75,2,0.19,0,0.91,0.14,3.14,13,1,57,0,1.36,3
3.16,1.98,1,1.2,1,2.42,1.5,2.85,14,0,61,0,0.41,3
0.47,0.23,1,1.19,0,0.98,0.01,14.16,13,0,58,1,2.1,4
2.35,1.31,2,0.45,1,0.38,0.63,16.37,13,1,23,0,1.03,2
0.05,1.27,1,0.57,0,1.6,0.64,6.55,13,0,13,1,0.72,4
0.48,1.7,1,0.7,0,0.5,0.07,18.89,12,1,9,0,0.32,3
2.08,1.8,2,3.04,1,1.64,0.91,7.07,14,0,35,2,2.08,3
1.28,1.63,0,0.14,0,0.71,1.28,5.7,12,1,13,1,0.29,2
1,0.73,1,0.45,0,0.38,1.34,7.33,13,2,41,2,0.57,3
1.51,0.18,1,1.39,1,0.14,1.14,0.6,14,0,17,2,1.41,2
0.44,1.22,2,1.86,1,1.55,1.4,0.84,14,0,8,1,0.95,3
0.43,0.55,1,2.01,0,0.71,1.29,0.84,13,1,18,0,0.54,2
3.5,1.77,1,1.89,1,0.18,0.99,1.05,12,2,42,1,0.09,3
0.85,0.25,0,0.31,0,0.36,0.95,6.75,13,1,87,0,0.08,2
0.35,1.2,0,0.63,0,0.7,1.14,5.29,13,1,10,2,0.27,3
1.65,1.86,2,2.2,1,0.85,0.1,4.9,12,3,48,1,0.44,4
1.68,3.97,0,0.18,1,0.48,1.87,11.57,14,0,34,1,0.41,4
4.08,3.12,1,3.41,1,1.27,0.89,1.6,13,0,10,0,1.14,2
2.38,2.19,1,0.19,1,0.33,0.89,8.79,13,0,12,0,0.59,4
2.43,1.69,0,1.72,1,0.12,0.91,6.04,14,0,26,1,1.45,3
3.03,2.06,1,0.64,1,0.63,1.66,2.64,13,0,23,1,1.52,2
0.24,1.22,0,0.08,0,1.04,0.44,7.62,12,1,33,0,1.77,4
1.74,3.95,1,0.36,1,0.75,0.11,5.43,13,0,33,0,1.12,4
0.2,0.14,1,0.39,0,0.25,3.24,2.97,12,0,2,1,0.56,3
0.07,1.82,0,1.1,0,0.6,0.41,0.71,12,0,42,1,2.08,2
0.04,0.76,0,1.42,0,1.24,0.54,8.01,12,0,26,2,1.08,3
0.73,0.09,1,0.11,0,0.79,0.98,5.07,12,1,86,0,1.33,3
2.05,1.58,0,1.28,1,0.45,0.92,4.8,12,2,10,1,0.01,4
2.73,2.86,3,0.27,1,1.06,0.79,9.14,13,2,41,0,0.01,3
1.92,0.72,1,2.53,1,1.35,0.02,4,15,1,17,1,1.88,2
0.08,1.04,1,0.6,0,1.12,0.23,3.23,12,1,72,0,0.09,2
2,0.58,1,0.59,0,1.07,0.75,7.93,13,1,22,0,1.12,4
0.92,0.13,2,0.13,0,0.86,1.14,3.17,13,1,124,1,0.94,3
0.35,0.58,1,0.07,0,1.91,0.09,22.11,13,2,37,1,1.97,2
3,2.71,2,3,1,1.45,0.48,7.22,12,1,34,1,1.91,2
0.9,1.14,1,2.28,1,2.7,0.24,8.51,13,1,8,1,0.83,4
4.09,0.35,1,0.15,1,1.81,1.64,0.66,14,0,10,0,0.12,3
0.14,1.07,1,0.89,0,0.71,1.03,3.88,13,1,6,0,0.09,5
3.11,2.73,0,1.56,1,1.99,0.33,3.76,12,1,54,2,0.56,3
0.96,1.64,3,1.26,1,0.96,0.06,8.9,13,1,28,0,1.32,3
2.61,3.29,1,1.79,1,0.57,0.38,16.26,12,0,38,0,2.44,2
0.95,1.43,2,0.14,1,0.93,0.81,2.31,12,0,4,1,0.12,4
0.62,0.45,0,0.2,0,0.59,1.25,3.96,12,2,15,1,0.9,2
1.91,1.87,1,0.23,0,0.04,0.23,11.65,13,0,57,2,2.05,3
0.19,1.16,1,1.15,0,0.15,1.01,10.58,12,1,12,0,0.09,3
2.22,2.28,1,2.28,1,0.94,0.6,8.69,13,0,35,1,1.78,3
0.87,0.3,0,1.56,0,0.64,0.74,2.88,12,0,8,0,0.51,3
0.5,1.21,1,1.53,0,1.31,0.19,8.51,13,2,33,0,1.76,3
0.15,0.39,1,1.63,0,1.1,0.73,10.07,12,1,67,1,2.16,3
0.36,0.25,1,0.37,0,0.38,0.6,14.02,13,1,3,2,0.66,2
4.4,2.19,1,1.74,1,0.15,1.55,22.14,13,0,1,2,1.32,3
1.94,2.76,1,3.39,1,0.98,0.57,7.23,13,1,5,1,0.99,3
0.2,1.05,3,0.45,0,1.78,1.06,25.05,12,2,11,1,0.31,3
1.05,1.66,0,1.04,0,0.59,0,5.85,12,0,18,0,0.93,3
1.11,0.48,2,0.61,0,0.23,0.2,4.95,13,2,44,0,0.21,2
1.19,0.61,1,0.14,0,1.44,0.48,13.83,13,1,27,2,0.33,2
0.64,0.49,0,0.96,0,0.68,0.01,0.61,14,0,50,0,0.31,3
1.14,0.36,0,0.21,0,0.01,0.94,1.81,12,2,4,1,0.4,3
1.63,0.14,0,0.31,0,2.35,0.02,12.3,13,0,72,1,0.41,3
0.85,1.26,2,2.6,1,0.41,0.02,9.87,14,0,7,1,1.62,2
2.3,3.91,0,2.38,1,1.86,2.14,7,12,1,69,2,0.14,2
0.75,1.32,1,1.8,0,1.05,1.07,3.45,12,1,109,0,0.61,3
0.06,0.07,1,0.74,0,2.51,0.77,4.59,13,0,7,0,0.98,3
2.33,2.41,2,0.16,1,1.58,0.79,6.93,12,1,43,0,0.34,3
2.32,2.09,2,1.74,1,1.33,0.29,15.15,13,1,49,1,1.14,3
2.42,2.04,2,1.5,1,0.77,1.14,1.85,12,2,93,0,0.25,3
3.61,3.73,2,0.43,1,0.56,0.14,7.8,13,0,69,0,0.13,3
0.45,1.49,1,1.27,0,1.66,0.32,8.6,13,1,16,1,1.12,2
0.24,0.04,0,0.11,0,0.34,0.9,2.07,12,0,67,1,0.1,3
2.96,1.56,1,1.89,1,0.33,1.12,13.8,14,0,21,0,0.53,2
1.19,0.95,0,0.06,0,2.35,1.4,1.04,13,2,25,1,0.64,3
0.77,3.02,3,1.16,1,0.41,1.41,8.74,12,0,49,0,1.11,3
2.6,1.53,0,0.61,1,0.52,0.8,3.1,12,0,13,0,0.38,3
2.7,2.27,0,1.5,1,0.23,0.45,1.31,12,2,66,1,0.21,3
0.3,0.85,0,0.62,0,0.75,1.52,1.31,13,2,29,0,0.27,2
3.38,4.13,2,0.14,1,0.54,0.62,3.76,13,1,21,0,0.16,3
0.15,0.1,0,0.38,0,1.19,0.58,0.64,12,1,8,0,0.78,4
2.13,2.6,2,1.19,1,0.66,1.43,13.77,12,1,49,0,0.73,3
1.83,1.57,1,3.02,1,1.2,0.23,6.29,12,1,30,2,0.42,2
0.02,0.47,1,2.63,0,1.82,0.51,8.98,13,1,34,1,0.5,2
0.9,2.71,0,1.11,1,0.87,0.03,4.87,13,0,14,0,0.69,2
0.56,2.71,1,1.59,1,0.08,0.48,2.67,12,1,11,1,0.88,3
1.59,0.11,0,0.51,0,0.52,1.25,3.83,13,0,40,1,0.02,3
0.85,0.9,2,0.24,0,0.59,0.71,7.2,12,0,18,1,0.34,2
0.99,0.84,0,0.06,0,1.87,0.75,16.65,14,0,28,0,0.13,4
2.15,0.37,2,1.13,0,0.14,0.43,16.57,12,1,12,1,0.04,3
0.64,2.91,0,0.09,0,1.77,0.3,4.63,12,0,51,1,0.65,2
0.68,2.37,2,2.25,1,0.39,1.74,4.29,12,0,3,0,0.3,3
1.64,1.04,1,0.99,0,1.12,2.05,5.3,12,1,26,0,0.21,2
1.01,1.63,1,0.22,0,0.77,0.73,15.38,13,1,37,1,0.22,2
1.31,3.24,1,0.97,1,1.76,0.51,17.15,13,2,16,1,0.12,3
2.25,0.11,0,0.48,0,0.3,1,1.27,12,0,1,1,0.63,3
2.98,0.67,3,2.15,1,0.48,0.15,14.15,14,0,15,1,0.15,2
0.32,0.31,1,0.08,0,0.56,0.24,12.11,13,1,12,1,1.16,3
2.5,0.61,1,0.01,0,0.46,0.14,2.57,12,1,65,0,0.3,3
4.29,1.54,2,1.02,1,1.48,0.66,13.29,13,1,13,0,0.63,2
0.61,2.46,2,1.77,1,0.1,0.83,2.25,14,1,26,2,0.44,3
0.35,2.69,3,3.34,1,1.81,0.02,1.02,13,2,29,1,0.77,2
3.02,3.15,3,1.93,1,0.16,1.16,2.03,13,0,48,0,1.3,2
4.44,3.75,0,0.71,1,0.98,1.7,7.35,12,1,8,2,1.04,2
1.38,0.39,1,0.3,0,0.44,1.07,2.95,13,0,10,0,1.18,2
0.56,0.16,1,0.25,0,1.35,0.77,0.07,12,0,17,2,0.3,3
2.59,2.1,1,0.51,1,0.19,0.9,4.22,13,0,14,2,0.69,2
2.85,2.42,2,2.21,1,1.15,0.1,0.38,12,1,19,0,0.9,3
2.76,2.95,2,3.04,1,0.92,0.52,15.98,13,2,65,0,1.15,4
0.28,0.61,0,0.16,0,1.61,0.14,3.02,13,0,85,2,0.13,3
0.1,1.32,0,0.48,0,1.16,1.28,12.16,12,1,52,0,0.5,3
1.94,1.22,2,2.47,1,1.38,0.99,3.43,13,0,64,0,1.85,3
0.75,1,1,0.18,0,0.01,0.91,16.13,13,0,58,2,1.42,2
1.72,2.75,4,1.01,1,0.06,0.57,8.14,13,1,51,2,0.24,4
0.31,3.47,0,1.51,1,0.19,1.05,6.11,13,0,7,0,0.39,4
0.1,0.5,0,0.31,0,0.48,0.52,4.17,13,0,42,1,0.3,2
1.01,1.02,4,0.31,1,1.4,1.19,5.41,12,1,45,1,0.06,3
0.9,1.48,2,1.84,1,0.34,1.1,0.45,13,1,46,0,1.26,3
0.18,0.98,0,0.28,0,0.1,0.39,2.16,12,0,3,2,0.39,4
3.39,1.48,1,2.01,1,1.81,0.62,3.47,13,2,65,1,2.49,4
2.92,3.1,1,2.35,1,0.49,0.28,11.21,14,1,77,0,0.89,3
0.43,2.33,3,2.08,1,0.53,0.62,12.02,13,0,38,0,0.29,3
0.99,0.78,2,0.48,0,1.49,0.18,4.92,13,2,1,0,0.65,2
2.94,0.67,3,1.14,1,1.31,0.54,16.71,13,1,33,0,0.01,2
0.98,1.2,1,2.35,0,0.38,0.99,13.3,14,1,70,0,1.31,2
0.22,0.89,0,0.72,0,1.1,2.77,2.52,14,1,26,1,0.93,2
2.55,1.11,1,1.92,1,1.79,0.43,14.96,13,1,43,1,1.87,2
0.97,1.83,1,0.06,0,0.31,1.14,1.06,13,1,8,3,0.43,2
0.11,0.41,2,0.4,0,0.67,0.34,15.67,12,2,42,1,0.71,3
0.67,1.29,2,1.24,1,0.85,0.53,17.68,13,1,35,0,0.22,4
1.4,0.28,4,0.22,1,1.08,0.09,1.3,14,0,42,0,1.1,2
2.32,2.62,0,3.93,1,1.61,1.45,3.62,13,1,9,1,1.41,3
0.41,3.54,2,3.89,1,0.51,0.19,13.91,12,0,1,1,0.08,2
0.44,1.88,1,0.5,0,0.16,0.33,7.5,13,0,14,0,1.01,4
0.02,0.71,0,1.1,0,0.66,0.75,3.95,12,1,59,0,0.14,4
0.55,1.88,0,1.57,0,1.34,0.98,3.69,14,0,25,0,0.81,4
2.22,2.37,1,4.51,1,0.4,0.16,0.02,13,1,42,1,0.37,4
3.36,1.56,2,0.93,1,0.81,0.12,15.14,12,0,7,1,0.64,3
2.13,1.81,3,1.26,1,0.72,0.39,15.87,12,1,76,1,0.43,3
1.57,1.57,1,2.59,1,0.91,0.56,4.05,13,1,73,0,0.11,2
0.12,0.22,1,0.99,0,0.29,0.11,8.69,12,1,26,2,2.03,3
0.54,1.28,1,0.97,0,0.64,1.54,14.2,12,0,35,0,1.76,3
0.05,0.95,1,0.11,0,1.43,1.74,8,13,0,31,0,0.42,2
2.04,2.68,2,2.13,1,0.73,0.78,0.52,13,0,16,0,0.1,3
0.7,0.77,1,0.49,0,1.43,1.86,6.85,12,0,66,2,0.51,2
1.34,1.17,2,4.35,1,1.59,0.12,10.44,13,0,59,0,1.49,2
1.4,0.9,0,0.86,0,0.48,0.27,2.09,12,0,16,1,1.21,3
1.75,0.45,0,1.13,0,1.67,0.27,13.23,12,1,78,1,0.12,2
1.24,1.18,1,0.26,0,2.39,1.02,9.79,12,0,57,2,1.19,2
1.31,3.18,2,2.04,1,1.98,0.95,21.72,13,1,50,0,0.18,3
1.28,0.33,2,0.7,1,1.53,0.6,8.2,12,1,43,1,0.3,3
0.89,1.52,0,1.86,0,0.57,1.41,1.26,13,1,26,2,0.36,3
0.29,0.74,0,0.05,0,0.43,2.01,14.72,13,1,14,0,0.8,3
3.25,0.22,2,0.94,1,0.1,0.99,5.17,14,0,16,1,0.49,2
0.67,1.66,0,1.86,0,1.61,0.75,10.82,12,1,59,2,0.27,4
2.28,2.52,1,1.98,1,0.58,2.06,7.99,13,0,53,1,0.1,3
1.16,2.74,4,1.18,1,0.57,0.32,21.98,13,0,16,1,1.52,2
2.15,0.72,0,1.8,0,0.5,0.13,6.36,12,2,19,0,1.02,3
1.19,1.05,0,2.39,0,0.36,0.51,1.82,13,1,29,0,2.4,4
2.31,1.24,1,0.66,1,0.1,0.3,6.92,12,1,3,1,0.61,4
0.63,1.37,1,0.01,0,0.26,0.06,2.17,12,1,1,0,0.21,3
0.41,0.7,0,1.18,0,1.52,0.42,13.05,13,2,55,0,0.05,2
1.81,1.72,1,2.87,1,0.59,1.27,1.14,12,1,11,0,0.39,4
1.87,2.99,3,0.98,1,1.48,1.03,15.89,12,0,17,1,0.99,3
2.04,2.85,3,0.37,1,1.88,1.52,0.18,12,0,13,3,0.23,3
1.85,0.75,1,1.08,1,0.61,1.2,14.89,12,0,25,0,0.54,4
0.96,0.78,2,0.28,0,1.34,1.08,10.47,13,1,14,0,0.07,3
2.21,0.04,1,0.01,0,0.61,0.32,2.38,12,0,32,0,0,2
1.44,2.42,1,3.07,1,1.28,1.16,12.7,13,1,6,0,0.5,2
0.63,4.03,2,0.14,1,1.17,1.46,1.88,13,1,5,1,0.68,2
0.09,1.07,2,0.61,0,1.08,0.34,4.58,13,1,21,0,0.55,3
4.58,0.09,2,1,1,0.33,0.15,3.02,13,0,30,2,3.92,3
0.8,1.28,1,1.56,0,0.3,1.59,4,12,1,15,0,1.07,2
1.64,0.19,1,1.18,0,0.2,0.19,16.76,14,1,35,0,0.18,3
1.68,1.01,0,1.44,0,0.05,0.38,1.15,13,1,21,2,1.02,3
0.55,1.25,1,0.35,0,0.98,2.07,2.05,13,1,16,1,0.13,2
0.57,0.18,0,1.45,0,1.09,1.11,2.95,12,1,19,0,1.53,3
1.63,0.94,1,0.08,0,0.65,1.02,8.15,12,0,91,1,1.02,3
0.38,0.01,0,1.84,0,1.11,1.33,5.47,13,0,10,0,0.25,3
1.8,0.87,2,0.61,1,0.16,0.69,6.42,13,1,36,0,0.56,3
1.42,3.67,3,2.09,1,0.53,1.07,1.16,12,0,5,0,0.31,3
0.99,0.94,0,0.8,1,1.39,0.32,0.21,14,1,47,2,0.05,3
1.35,2.17,3,1.47,1,0.54,1.09,1.4,12,0,47,1,0.92,2
1.22,0.77,0,1.54,0,0.78,0.44,2.7,14,1,39,0,1.12,3
0.03,0.44,1,0.16,0,0.64,2.32,10.62,13,0,41,1,0.8,2
1.23,2.73,0,0.7,1,0.54,0.19,0.95,13,0,72,1,0.05,3
0.23,0.23,0,0.49,0,0.69,0.55,7.06,13,1,30,0,0.12,3
0.44,3.86,2,1.56,1,1.91,0.57,18.02,14,2,8,2,2.34,2
0.33,0.6,0,1.08,0,0.87,0.23,8.9,13,0,29,0,1.03,2
2.83,1.7,3,1.29,1,0.78,0.69,2.35,14,1,20,0,0.06,3
1.99,0.64,1,0.21,0,0.85,0.6,15.15,13,2,38,1,1.76,3
2.37,0.94,1,2.59,1,0.24,1.19,3.93,12,2,41,1,1.43,3
3.23,1.63,0,1.27,1,1.19,1.3,19.98,13,0,27,1,0.31,2
0.79,1.85,2,0.46,1,0.77,1,7.82,13,1,39,1,1.32,3
1.67,0.88,1,0.84,0,1.07,0.46,7.15,14,2,25,1,0.06,3
2.42,2.71,1,0.08,1,0.26,1.7,0.83,13,1,21,1,1.98,2
1.29,0.81,1,1.59,1,0.62,1.99,1.24,12,0,5,1,0.12,2
1.94,0.56,2,2.39,1,0.43,1.77,6.37,13,1,46,0,0.22,2
2.56,2.24,2,0.5,1,0.14,0.24,8.86,14,1,2,0,0.43,2
2.08,1.95,2,1.79,1,1.12,0.99,4.59,13,0,28,1,0.36,4
0.54,0.9,1,0.76,0,0.27,1.57,5.99,12,1,58,1,1.51,3
1.08,0.83,0,1.79,1,0.98,0.11,15.99,13,0,17,1,1.41,4
2.17,1.33,2,1.56,1,0.86,0.55,5.63,12,0,55,1,1.86,2
0.59,0.06,3,1.01,1,0.12,0.44,4.34,13,1,105,0,0.7,2
0.11,0.88,2,0.29,0,0.47,2.72,1.66,13,0,44,1,0.27,2
0.9,0.38,0,2,0,1.83,1.02,12.96,12,1,26,1,0.23,3
1.26,1.77,1,2.62,1,1.73,0.39,0.34,13,0,59,0,1.06,3
3.24,1.35,1,0.57,1,1.21,1.49,1.69,12,0,104,1,1.52,3
1.09,0.22,0,0.13,0,1.77,0.91,6.4,12,1,8,0,0.55,3
2.61,2.87,1,2.02,1,0.22,0.74,6.19,13,3,54,1,0.23,3
1.09,0.88,1,1.36,0,1.08,0.02,3.35,13,0,43,1,0.31,2
0.32,0.72,0,1.08,0,0.06,0,11.97,14,2,0,1,0.31,3
1.21,0.92,1,2.02,0,1.91,0.97,8.96,15,1,22,1,0.2,2
0.14,1.36,1,0.1,0,0.92,0.66,0.87,13,1,40,1,0.89,3
4.32,0.83,2,2.1,1,1.16,0.18,15.06,13,2,27,0,0.52,3
0.39,0.13,1,0.97,0,0.63,0.8,0.06,13,1,22,1,0.05,3
2.19,1.92,2,1.57,1,0.44,0.03,0.4,13,1,7,1,0.4,2
1.69,1.45,2,1.14,1,0.51,0.37,3.9,14,1,32,1,0.12,2
2.13,2.86,0,0.59,1,0.35,0.06,10.42,12,0,13,0,0.01,3
1.85,1.97,1,3.01,1,1.39,0.88,1.74,12,0,99,2,1.09,4
0.71,2.15,1,1.16,0,1.89,0.97,2.39,13,0,16,0,0.71,3
2.96,1.12,1,0.53,1,0.81,0.65,9.15,13,2,48,2,0.25,3
1.21,3.56,1,2.28,1,0.18,1.31,1.39,12,1,45,1,0.53,2
1.33,1.5,0,0.2,0,0.07,0.82,16.24,13,1,19,2,0.65,3
0.16,2.33,2,1.96,1,0.89,1.4,7.81,12,0,64,0,0.86,5
2.51,2.21,1,1.31,1,1.99,0.36,1.22,12,1,10,1,0.94,3
0.9,2.63,1,0.01,1,1.37,1.76,7.74,12,0,24,0,0.58,3
0.15,2.29,3,0.89,1,0.15,2.35,9.5,13,0,14,0,1.23,4
2.39,0.58,3,0.99,1,2.49,1.22,10.9,12,1,36,0,1.5,4
2.49,2.49,1,0.43,0,0.08,1.2,0.14,12,1,5,1,1.15,2
1.99,0.72,2,2.98,1,1.07,0.53,0.04,12,1,9,1,0.01,2
2.84,1.66,1,1.71,1,0.01,0.95,5.07,12,1,46,1,0.42,2
0.08,1.21,1,1.21,0,0.25,0.18,15.17,12,2,28,0,0.54,3
0.1,1.08,1,1.53,0,0.2,0.77,10.51,12,0,19,1,0.92,3
0.92,1.68,0,1.06,0,0.53,2.63,4.3,14,1,42,1,0.85,3
1.71,2.95,3,1.37,1,1.16,1.22,9.49,13,0,21,1,0.36,3
2.27,3.15,2,2.48,1,1.9,0.39,11.06,12,1,26,1,0.07,3
0.32,1.14,2,0.79,0,0.77,1.01,0.85,13,1,30,0,1.49,3
1.33,1.66,3,1.92,1,1.54,1.33,7.78,12,0,32,0,1.88,3
0.99,0.94,1,1.37,0,0,0.1,14.12,12,1,47,1,1.56,2
1.83,1.78,1,2.47,1,1.89,0.06,2.28,12,1,40,1,0.03,3
1.24,3.03,2,0.8,1,0.82,1.62,12.13,13,1,76,2,1.39,2
2.54,0.9,3,2.81,1,0.27,0.45,3.54,13,0,30,1,1.41,3
0.9,1.06,3,1.6,0,1.51,0.27,2.66,12,1,18,1,0.04,4
0.03,0.53,1,0.63,0,1.29,0.66,4.8,14,2,22,1,0.41,2
0.01,0.36,0,0.73,0,0.48,0.39,2.69,13,3,20,2,0.84,3
1.09,1.76,1,0.2,0,0.4,0.37,2.79,12,0,35,0,0.5,3
2.47,2,2,1.96,1,0.36,1.19,6.65,13,1,8,2,0.46,3
1.97,3.18,1,1.46,1,0.2,1.12,13.83,13,0,12,0,0.26,4
2.82,1.55,3,3.25,1,0.45,0.46,13.53,13,0,55,1,0.93,3
3.39,0.09,2,1.01,1,0.33,1.53,3.11,13,1,50,0,0.03,3
2.56,3.01,2,1.12,1,0.21,0.79,2.26,14,0,15,2,0.22,2
2.01,2.36,2,1.91,1,0.85,1.45,14.34,13,1,50,1,0.25,4
0.69,1.58,2,0.49,1,0.01,0.85,9.15,12,1,33,0,0.87,3
0.93,2.05,2,2.63,1,1.1,0.18,5.3,13,1,4,0,0.78,3
0.31,0.98,1,1.13,0,0.26,1.21,5.05,13,1,45,0,0.68,3
0.61,1.12,1,0.15,0,0.52,2.08,5.58,13,0,53,1,0.71,3
0.19,2.32,1,0.34,0,0.55,1.17,21.16,13,2,10,2,0.05,3
2.06,1.8,2,1.52,1,0.19,1.98,0.26,12,1,30,0,1.48,3
2.53,2.9,2,1.61,1,0.34,0.52,5.38,13,3,63,1,0.41,3
0.07,1.55,0,1.22,0,0.83,0.39,16.78,12,0,40,2,0.16,3
2.49,1.74,3,2.58,1,1.13,0.58,0.03,12,0,17,1,0.93,2
2.06,0.9,1,2.26,1,1.56,0.93,30.19,14,1,84,1,1.58,3
1.98,0.48,1,1.04,0,0.22,1.57,3.07,12,0,52,2,0.74,4
0.94,0,1,0.6,0,1.06,0.08,17.42,12,0,21,0,0.44,2
1.86,2.59,1,0.6,1,0.48,0.04,12.23,13,1,12,0,0.93,3
0.79,3.09,2,0.2,1,0.64,0.51,7.13,12,0,9,0,0.34,2
2.6,1.17,2,1.9,1,1.71,0.99,0.64,14,0,47,0,0.37,3
3.53,1.09,1,0.82,1,1.44,0.28,5.61,12,2,10,1,0.68,3
3.22,3.55,1,2.65,1,1.12,0.83,5.92,12,0,53,1,0.28,3
1.79,0.41,0,0.75,1,0.2,0.39,8.14,13,0,55,1,0.53,3
3.49,1.43,1,1.3,1,0.33,0.05,14.72,12,1,30,1,1.3,3
2.15,0.6,2,1.03,1,1.42,1.95,6.67,13,1,37,1,0.73,2
0.34,1.34,1,0.65,0,1.08,0.84,8.45,13,1,3,0,0.03,2
0.61,1.37,1,1.66,0,1.51,0.69,6.77,12,1,22,2,0.55,4
0.3,0.15,0,0.5,0,0.34,0.54,6.97,12,0,60,1,0.8,2
1.61,1.5,2,3.56,1,1.02,0.29,16.25,13,2,11,0,1.09,3
2.17,0.2,1,1.82,1,0.21,0.41,18.51,13,0,10,1,0.69,4
2.16,1.29,2,0.56,1,1.12,1.05,6.88,12,1,51,1,0.79,4
0,0.24,0,0.19,0,1.03,0.84,3.16,13,0,90,0,0.35,5
0.44,1.03,0,1.95,0,0.75,0.29,2.89,12,1,43,1,0.47,2
1.19,1.23,1,1.03,0,0.49,0.97,2.48,13,1,46,0,2.34,2
0.95,0.96,2,0.65,0,0.94,0.2,16.65,12,1,34,0,0.78,2
0.52,0.37,3,1.47,1,0.24,0.33,11.79,13,0,49,0,1.11,3
2.55,0.28,0,0.05,0,0.47,0.74,0.56,12,0,5,0,0.78,2
0.93,1.59,1,1.58,0,0.75,1.33,13.08,13,2,32,1,0.12,2
0.63,1.32,2,2.44,1,0.37,0.24,6.03,13,2,42,1,0.98,2
0.22,0.14,0,0.56,0,0.74,0.51,11.33,12,1,0,1,1.46,2
0.83,2.52,3,3.54,1,1.44,1.67,3.87,12,1,31,1,0.68,3
0.2,2.34,2,1.45,1,0.62,1.79,10.07,13,0,13,0,1.47,3
0.54,0.43,1,0.25,0,1.12,0.07,6.55,12,1,44,1,1.56,4
2.76,1.92,0,3.17,1,0.43,1.32,0.33,12,0,124,2,0.49,2
1.42,2.59,3,1.1,1,0.6,0.62,13.07,12,1,8,0,0.99,2
0.59,2.17,2,0.78,1,1.87,0.52,5.43,12,1,36,1,0.03,2
0.55,0.08,0,0.23,0,0.44,0.08,10.93,13,0,2,1,0.31,3
2.39,4.13,2,1.82,1,1.09,0.7,9.76,14,0,15,1,0.18,3
1.48,0.46,2,0.59,0,0.54,0.18,11.65,13,1,57,1,0.9,2
0.18,0.98,0,0.68,0,0.91,0.07,4.09,13,2,44,1,0.4,3
0.02,1.15,1,0.31,0,1.33,0.97,19.43,14,2,8,1,0.96,2
2.58,3.69,0,2.32,1,0.33,1.19,3.25,13,1,11,1,0.36,5
0.12,1.79,2,0.28,0,0.76,0.39,4.66,13,1,23,1,1.73,2
0.97,1.36,1,1.2,0,0.62,0.35,8.5,14,2,20,0,0.91,3
3.2,2.71,1,2.1,1,1.37,0.05,4.5,13,0,70,1,0.08,3
0.16,1.95,2,2.1,0,1.11,1.1,1.27,13,0,39,0,0.08,3
0.03,0.53,1,0.53,0,2.71,1.5,2.61,12,0,25,0,0.14,2
0.93,0.18,2,0.03,0,0.04,0.16,1.29,12,1,15,0,1.3,2
0.44,0.4,1,0.67,0,1.24,0.26,12.83,12,1,29,0,0.62,2
0.88,0.13,1,0.22,0,1.06,0.55,5.74,12,1,13,1,0.28,3
0.17,0.08,0,1.74,0,1.87,0.5,7.18,13,1,33,2,0.01,3
3.71,3.2,1,2.05,1,0.34,0.31,3.47,13,1,22,1,0.79,3
1.37,1.45,0,1.09,0,1.18,1.83,17.71,13,1,20,0,0.45,2
1.61,1.81,1,0.14,0,2.18,0.99,5.49,12,1,21,1,0.13,3
3.47,3.68,3,0.51,1,0.15,0.87,9.07,12,0,33,0,0.69,4
0.21,1.02,1,0.65,0,0.91,0.13,6.76,13,0,15,0,0.51,3
1.33,2.28,1,3.87,1,0.23,0.72,33.78,13,0,22,0,0.03,2
1.04,0.96,1,2.04,0,1.34,1.38,2.52,13,1,65,1,0.73,2
0.61,0.51,0,0.3,0,0.68,0.29,13.3,13,1,4,0,0.65,4
1.83,0.73,0,0.78,0,1.25,0.76,17.96,12,0,47,2,0.01,3
0.68,2.17,1,0.16,0,0.48,0.03,14.3,13,0,7,1,0.76,2
0.49,1.19,1,0.18,0,0.41,0.53,23.89,13,1,5,1,0.04,2
2.16,0.21,0,0.67,0,0.64,1.08,3.8,13,1,64,0,1.53,4
0.61,1.03,0,0.2,0,0.25,0.03,6.42,12,1,13,1,0.18,2
0.74,1.11,0,0.61,0,1.15,0.37,33.21,13,0,24,0,0.35,2
0.3,0.56,1,0.4,0,1.21,0.19,12.76,12,0,1,1,0.54,3
1.3,0.82,0,0.69,0,0.39,0.83,9.61,14,1,36,2,1.03,3
1.56,0.08,1,1.43,0,0.83,0.74,3.82,13,0,24,2,3.29,2
2.03,1.14,2,1.35,1,0.24,0.12,12.87,12,1,7,0,1.42,2
1.25,1.86,3,0.91,1,1.23,0.02,3.36,12,0,25,0,2.38,3
0.46,1.58,2,0.51,0,0.81,0.18,2.27,13,1,2,0,0.66,2
1.32,2.8,1,0.68,1,0.42,0.59,12.59,14,0,46,0,1.19,3
4.01,2.07,0,1.18,1,0.67,1.39,0.4,14,0,33,1,0.28,5
0.14,0.08,1,0.53,0,0.92,0.82,3.36,12,0,25,1,1.22,3
1.63,0.03,1,0.66,1,0.97,1.4,15.57,12,1,58,1,1.11,3
2.18,3.39,0,2.86,1,1.3,0.22,14.84,13,1,53,0,1.18,2
1.35,0.51,1,0.9,0,0.42,2.01,1.18,13,0,48,1,1.6,2
0.97,1.49,1,0.96,0,0.25,0.57,6.76,13,0,18,0,0.59,3
3.2,0.27,2,0.42,1,1.22,0.72,1.31,12,0,20,1,1.08,3
1.34,2.4,2,0.56,1,0.97,0.56,11.62,14,1,1,1,1.64,3
1.05,0.49,1,0.49,0,1.86,0.49,11.06,12,1,45,1,0.23,3
0.54,0.57,0,1.07,0,2.6,0.48,9.17,12,0,15,1,0.22,2
1.19,0.2,1,0.88,0,0.17,0.97,21.77,14,1,26,3,1.81,2
0.72,0.1,0,0.35,0,0.37,0.98,1.8,12,0,9,1,0.37,4
3,1.56,3,1.63,1,0.51,0.72,11.47,12,0,41,1,0.3,4
0.76,2.53,1,0.85,0,0.69,1.47,10.93,13,0,37,1,1.55,2
1.42,0.68,1,0.12,0,0.84,0.54,0.98,14,2,0,1,2.11,3
3.5,1.87,2,1.88,1,0.37,1.1,9.58,13,0,82,0,1.18,3
0.32,0.22,1,0.54,0,0.3,1.31,5.72,14,1,20,1,1.01,3
0.25,2.05,1,0.88,0,1.46,0.6,6.28,14,2,22,1,0.76,3
3.33,2.67,2,2.17,1,2,0.04,11.41,12,1,70,0,0.73,4
2.56,2.4,3,1.56,1,1,0.36,13,13,1,22,1,0.5,3
2.46,0.01,0,2.56,1,0.94,0.19,7.73,12,0,82,1,0.13,2
4.17,2.83,1,4,1,0.12,0.87,6.09,12,3,13,2,0.65,3
0.64,0.55,1,0.2,0,0.6,1.24,0.95,14,0,10,0,0.82,2
0.93,0.15,0,0.61,0,0.73,0.19,10.39,12,1,81,1,0.58,3
2.06,1.16,2,1.24,1,1.43,0.07,3.48,13,0,26,2,0.44,2
0.27,0.21,0,1.95,0,1.11,1.6,6.79,14,2,66,0,1.32,4
1.53,1.29,0,0.35,0,1.73,1.49,0,12,1,19,0,0.56,2
0.51,0.53,1,2.22,0,0.87,0.81,12.51,12,2,27,1,0.89,2
0.54,0.61,1,1.37,0,0.55,1.41,7.23,13,1,35,2,0,2
1.07,0.08,1,1.09,0,0.62,0.43,16.04,13,0,1,0,1.88,3
0.36,0.43,0,1.26,0,0.77,0.53,0.71,12,1,55,2,0.21,2
0.84,0.42,0,0.95,0,0.44,0.56,23.25,12,1,16,0,0.42,3
1.04,1.78,2,0.9,0,0.17,1.13,0.67,14,0,19,2,0.19,3
0.03,0.94,2,2.63,1,1.53,0.19,3.05,12,1,4,0,0.33,2
4.06,1.75,2,1.15,1,0.12,0.35,1.81,13,0,85,1,0.28,2
0.9,0.62,1,2.34,1,0.28,1.71,10.37,13,1,95,1,0.24,3
1.78,1.56,3,1.4,1,0.69,0.05,2.54,13,0,30,1,0.26,3
0.28,1.1,0,0.48,0,0.5,0.71,3.09,12,1,21,0,2.44,3
0.31,0.47,1,1.78,0,0.49,2.18,3.99,13,0,11,1,0.57,4
2.82,0.65,0,3.73,1,0.79,0.79,4.6,14,0,24,1,0.82,3
2.86,1.48,1,1.27,1,0.4,2.99,8.31,12,1,17,1,1.07,2
1.42,2.1,1,2.06,1,0.99,0.83,0.46,12,2,16,3,0.26,3
0.17,2.27,0,0.55,0,0.66,1.38,2.03,13,0,94,1,0.28,2
0.28,0.89,0,0.7,0,0.72,0.08,8.89,15,2,22,1,0.41,2
0.25,0.57,0,1.17,0,0.07,0.84,1.01,13,1,79,0,0.04,2
1.61,1.28,1,0.27,0,0.04,0.37,4.08,13,1,27,1,0.02,3
2.49,3.29,1,1.84,1,0.64,0.21,5.96,13,1,49,1,0.49,4
2.73,1.71,0,1,1,0.95,0.43,11.74,12,0,55,1,0.26,4
0.66,0.15,2,1.36,0,0.33,0.1,0.98,13,2,11,1,0.33,2
3.17,2.61,3,1.28,1,1.11,1.08,6.6,12,0,58,2,0.01,3
2.18,1.86,0,0.95,1,0.6,0.22,6.73,12,0,14,0,1.48,3
1.3,1.59,1,0.68,0,1.5,1.04,4.55,12,0,70,1,1.26,3
0.4,0.7,1,1.94,0,0.8,1.56,7.9,13,1,85,1,1.31,2
0.65,1.14,0,0.76,0,0.23,1.35,6.02,13,0,69,1,0.15,2
0.53,0.11,0,0.88,0,0.14,2.02,1.11,12,0,32,0,0.5,3
0.59,0.8,0,0.1,0,0.48,0.76,8.21,13,0,12,0,0.9,2
1.24,0.39,1,0.48,0,1.17,0.52,19.6,12,1,16,0,0.43,2
0.02,0.41,1,1.5,0,0.99,1.16,11.09,12,2,15,1,1.07,2
0.31,0.48,1,0.49,0,2.21,0.26,11.78,13,1,40,0,0.71,2
3.7,3.26,1,2,1,0.71,0.24,0.57,14,1,29,0,0.08,5
0.24,0.13,0,1.15,0,2.04,0.54,19.32,12,2,37,2,0.38,2
4.6,2.56,1,1.2,1,1.39,0.51,19.22,12,0,60,1,0.45,2
0.57,2.93,1,1.27,0,0.71,0.51,6.58,12,1,1,0,1.68,2
0.24,0.05,3,1.21,1,0.76,0.83,5.88,13,1,58,0,2.16,3
0.75,1.09,1,1.16,0,0.37,0.07,0.52,12,1,7,1,0.45,3
0.38,0.38,0,1.33,0,0.09,0.97,7.23,12,1,36,0,0.16,4
3.29,1.98,2,3.05,1,1,0.39,10.87,12,1,39,2,2.95,3
2.67,3.17,2,0.84,1,0.27,0.93,12.97,14,1,71,1,0.82,3
1.86,0.3,2,0.31,1,1.95,0.09,11.12,13,2,6,1,0.63,3
1.22,1.9,1,1.85,0,0.17,0.16,11.88,12,1,9,0,0.27,4
0.21,0.16,0,0.84,0,0.66,0.77,1.4,13,0,60,0,0.61,3
1.15,0.98,0,0.34,1,1.6,0.98,12.71,12,1,33,1,0.23,3
1.42,1.82,2,2.08,1,0.84,0.68,6.82,13,1,80,2,0.44,3
2.59,3.34,2,2.66,1,0.75,1.83,4.17,13,0,26,1,1.98,3
3.67,2.41,1,0.65,1,1.2,2.43,3.66,12,1,6,1,0.67,3
0.39,0.13,0,0.42,0,0.57,0.49,4.72,12,0,31,1,0.92,2
0.8,2.45,2,1.39,1,0.66,1.36,6.48,12,2,8,1,0.57,2
0.44,0.22,0,0.39,0,0.15,1.54,9.68,13,0,31,2,0.25,3
1.2,0.09,1,0.32,0,0.29,0.2,5.38,13,1,3,0,1.83,3
0.61,0.08,2,1.28,0,2.37,0.68,3.61,12,0,14,1,0.55,3
1.87,1.95,1,0.21,1,1.34,0.78,6.96,12,2,7,1,0.5,3
0.01,1.06,1,0.54,0,0.68,2.27,1.04,13,1,35,2,1.59,2
0.78,0.72,0,0.85,0,1.51,0.15,5.39,12,1,7,1,1.54,3
2.65,3.28,2,0.99,1,0.61,0.72,0.85,12,0,57,2,1.61,3
0.12,0.98,0,0.46,0,0.31,0.21,2.3,13,0,27,1,1.44,4
2.42,4.11,3,0.74,1,1.19,0.32,1.1,12,1,23,1,0.42,3
0.89,1.15,1,1.39,0,1.79,0.05,15.37,14,1,7,0,0.29,2
0.44,1.39,1,1.05,0,0.77,1.48,10.47,12,0,15,1,0.22,3
2.72,2.3,1,2.69,1,0.24,0.13,9.2,13,1,6,0,1.35,3
0.37,2.6,2,0.29,0,0.12,1.09,14.35,12,1,39,1,0.18,3
1.73,0.36,2,0.85,0,0.76,0.98,1.39,13,0,19,2,0.55,2
0.4,0.06,1,0.55,0,0.84,0.16,0.59,12,2,37,0,0,3
0.22,1.01,1,0.03,0,0.77,0.65,10.71,13,1,1,0,0.56,3
2.93,2.52,2,3.09,1,1.53,0.7,3.24,13,1,36,1,0.32,3
1.42,1.53,0,0.42,0,0.23,0.17,3.16,13,1,67,1,0.61,3
0.24,1.34,1,2.08,1,0.01,1.12,14.51,12,0,18,0,1.1,3
1.53,0.92,0,0.88,0,1.67,0.47,10.7,12,0,70,1,1.11,2
3.26,3.6,0,1.5,1,1.14,0.35,3.91,12,2,29,0,1.42,4
1.45,2.33,1,1.1,1,1.16,1.41,8.23,15,1,33,0,0.75,2
4.56,2.21,1,2.46,1,0.12,0.37,3.47,13,0,12,1,2.05,2
0.56,0.5,0,0.59,0,1.53,1.56,0.75,12,2,24,0,0.24,2
0.18,0.54,1,0.46,0,0.04,2.34,4.29,12,0,9,1,1.93,2
1.54,0.51,1,0.86,0,0.02,1.39,10.36,13,1,15,1,0.2,3
4.01,0.06,2,0.18,1,1.61,1.2,4.56,14,1,57,1,1.51,2
4.06,1.18,1,2.31,1,1.34,0.65,4.73,13,0,2,1,0.33,3
3.21,2.05,1,0.42,1,0.32,0.5,16.22,12,0,13,0,1.59,3
1.02,0.18,1,2.17,0,1.04,0.2,4.79,12,1,66,1,1.59,2
2.59,2.36,2,2.69,1,0.09,0.41,1.29,12,0,29,1,1.42,3
2.78,0.82,2,2.46,1,0.18,0.51,10.08,13,1,39,1,1.33,3
0.55,0.63,1,1.35,0,0.87,0.12,8.67,12,0,5,1,1.94,3
0.82,0.05,0,1.58,0,0.96,0.05,6.88,13,1,13,0,0.41,3
2,1.95,1,1.09,1,2.04,0.4,1.85,13,1,96,1,1.55,3
1.83,2.5,0,1.71,1,0.31,0.01,19.73,13,0,18,1,2.19,2
1.55,3.37,1,1.12,1,0.4,0.42,8.25,13,0,49,1,0.59,2
0.7,0.32,3,0.69,0,0.01,0.19,2.43,12,1,27,1,0.72,2
2.96,2.06,3,1.23,1,1.27,2.78,0.87,13,1,17,1,0.37,2
0.09,0.5,1,0.66,0,0.98,0.98,4.49,14,2,14,3,0.02,3
1.48,0.53,1,0.07,0,1.61,1.59,10.16,12,0,40,2,0.21,2
1.14,1.22,0,1.19,0,1.43,0.3,1.7,13,1,26,0,0.55,3
1.81,2.88,2,0.44,1,0.72,0.19,6.42,13,0,7,1,0.46,3
1.28,0.29,2,2.09,1,0.16,1.37,4.96,13,1,25,0,0.36,3
0.13,3.75,1,2.44,1,0.18,2.16,0.37,14,1,66,1,1.19,3
0.08,0.43,0,0.18,0,1.17,1.81,7.18,12,0,59,2,0.5,3
1.88,1.52,2,2.41,1,0.29,0.33,1.55,12,1,8,0,0.23,3
1.51,0.8,0,0.42,0,2.21,0.82,8.28,13,0,90,1,0.17,2
2.63,1.58,1,1.16,1,0.01,0.12,6.39,13,0,56,1,0.35,2
1.02,1.28,0,0.35,0,1.25,0.79,6.52,12,1,21,2,1.77,3
1.85,2.22,1,0.9,0,0.04,0.17,7.07,14,3,12,0,0.1,3
1.22,0.5,0,0.49,0,1.14,0.41,5.2,15,0,2,1,0.37,4
0.58,2.49,3,1.07,0,0.63,0.94,0.09,13,1,41,1,2.02,2
1.77,2.97,2,1,1,0.86,1.28,11.86,13,1,41,2,0.23,4
1.04,0.37,1,0.58,1,1.22,1.02,9.95,13,1,43,1,1.09,3
0.37,0.58,1,1.18,0,1.46,0.62,4.79,13,0,10,0,0.83,2
3.09,3.17,2,0.36,1,0.79,0.79,11.49,13,1,54,0,0.9,3
1.88,0.2,0,1.39,0,0.83,1.46,4.63,12,0,25,1,2.3,3
3.54,0.07,2,0.74,1,0.53,1.54,12.31,12,1,68,1,0.15,3
1.51,3.83,4,1.55,1,0.65,0.34,10.78,13,1,81,1,1.31,3
0.88,3.05,0,2.05,1,0.25,0.16,10.13,12,2,6,1,0.81,3
0.14,1.5,0,0.17,0,0.51,0.57,1.66,13,2,36,2,0.63,3
0.23,0.14,1,0.55,1,0.49,1.74,9.75,13,2,50,0,0.05,2
2.32,2.1,2,1,1,0.24,2.17,8.98,12,0,46,0,0.42,4
0.15,1.24,1,0.88,0,1.15,0.07,16.78,14,1,42,1,0.28,3
0.47,2.1,0,0.74,0,0.01,0.64,4.01,14,1,22,1,0.37,3
0.41,0.41,1,2.14,1,0.42,1.21,4.75,13,2,19,0,0.45,3
2.51,1.32,2,1.28,1,1.56,0.68,0.99,12,0,61,0,1.43,4
1.47,2.81,2,1.8,1,0.82,0.55,9.88,13,0,37,0,2.68,4
0.83,2.05,0,1.72,1,1.65,0.48,3.15,13,1,1,0,2.47,2
0.87,2.16,2,0.73,1,0.94,0.02,12.16,12,0,6,0,0.41,3
0.03,0.33,1,1.04,0,0.03,1.09,1.14,12,1,18,0,0.9,2
1.77,1.45,1,1.95,0,0.25,0.91,13.07,14,1,53,2,1.54,2
1.66,0.88,0,1.82,0,0.19,0.63,9.04,13,1,72,1,3.04,3
1.54,3.08,1,2.1,1,0.51,0.65,11.29,12,2,25,0,0.25,2
0.6,1.38,2,0.37,0,0.43,2.44,8.39,13,1,1,1,0.77,4
2.47,1.69,2,0.92,1,1.48,1.35,6.18,13,1,7,1,0.61,3
1,1.31,0,1.6,1,3.1,0.03,1.42,13,1,2,0,1.5,3
2.3,0.53,1,1.56,1,1.22,0.12,13.87,13,1,38,0,1.04,2
0.77,1.11,1,0.41,0,0.59,0.63,16.05,12,0,64,1,0.86,3
3.23,2.04,4,1.73,1,0.26,1.73,7.77,13,2,0,1,2.63,3
0.1,0.53,2,1.39,0,0.53,0.1,9.08,12,0,10,2,0.38,3
1.8,3.57,0,0.66,1,0.08,0.32,1.67,13,1,10,1,0.19,2
0.88,0.35,2,0.87,0,1.34,0.09,1.35,13,0,10,1,0.02,2
0.83,2.51,0,0.97,0,0.96,0.4,0.77,13,0,28,0,1.71,3
1.77,3.84,1,1.58,1,1.44,1.08,5.67,13,1,63,0,0.07,3
0.37,0.03,1,0.3,0,0.53,0.48,16.36,13,1,25,1,0.65,3
0.91,0.64,3,1.01,0,2.33,0.4,1.41,13,1,35,1,0.02,4
1.2,1.88,2,1.14,1,1.28,0.06,4.35,13,1,21,2,1,2
3.49,2.11,2,2.04,1,0.78,0.49,20.53,13,1,7,0,0.36,3
1.73,3.3,2,0.84,1,0.58,0.97,4.66,13,1,32,0,0.52,4
1.98,1.77,0,2.57,1,0.17,1.25,8.26,13,0,45,0,2.25,2
1.25,2.76,2,0.22,1,0.63,0.22,0.66,12,0,18,0,1.38,3
2.42,2.19,1,0.9,0,0.53,0.93,15.79,12,0,70,1,0.63,2
0.88,1.19,0,0.22,0,1.02,0.36,2.28,12,1,25,1,1.05,2
0.74,0.96,1,0.79,0,0.89,0.11,15.05,13,2,19,1,0.42,3
1.72,1.95,1,2.07,1,0.98,2.04,10.56,12,0,38,0,0.62,3
2.07,1.77,1,0.65,1,1,1.06,4.11,12,1,44,0,0.41,3
0.52,1.07,1,1.23,0,0.83,0.93,4.32,13,0,3,0,3.19,3
1.56,0.22,1,1.45,0,0.14,0.81,8.22,12,1,3,1,0.15,2
1.47,1.1,1,1.49,1,0.05,0.39,2.03,13,1,11,1,0.57,3
0.79,0.3,0,0.6,0,0.75,2.02,15.53,13,2,17,0,1,2
0.75,0.69,0,1.8,1,0.62,1.44,3.52,13,1,24,0,0.27,3
2.29,1.68,1,0.69,1,0.22,0.08,2.8,12,1,54,0,0.2,2
0.64,1.81,1,2.08,1,0.54,0.72,13.51,13,0,47,2,0.24,4
0.47,1.27,3,0.75,0,0.15,1.52,4.53,12,3,24,0,0.87,2
1.96,1.71,0,1.72,1,0.71,1.38,6.25,14,1,27,1,1.71,2
0.38,2.83,3,2.68,1,0.89,0.78,10.06,12,3,17,1,1.11,3
3.16,2.64,2,0.32,1,1.04,2.11,7.64,13,0,22,1,1.51,4
1.27,2.82,2,2.07,1,0.64,0.51,0.51,12,2,16,1,0.66,3
1.19,3.07,3,0.67,1,2.09,0.29,10.88,12,1,4,0,1.67,4
2.2,0.12,2,1.29,1,0.06,0.93,29.68,13,1,22,1,0.43,2
1.15,1.33,0,0.98,0,1.52,1.57,12.32,12,0,7,1,1.37,3
0.98,0.08,1,1.51,1,1.82,1.35,9.09,13,1,49,0,1.36,3
2.06,3.22,3,0.72,1,0.72,2.49,1.36,12,1,77,1,1.44,3
0.43,0.07,1,0.19,0,0.59,1.39,6.33,13,0,75,1,1.78,2
2.69,3.29,1,0.31,1,0.38,0.54,14.84,14,0,12,0,1.51,3
2.18,2.7,0,0.48,1,0.02,2.04,13.18,13,0,74,1,0.23,2
1.63,2.92,1,0.58,1,1.15,0.17,2,13,1,65,2,0.46,4
0.83,1.24,1,0.46,0,0.03,1.54,17.83,12,2,1,0,0.87,2
0.09,0.4,0,1.08,0,0.02,1.7,3.67,13,1,29,1,0.91,3
0.93,0.93,3,2.11,1,1.97,0.69,18,13,1,12,1,0.91,2
0.92,1.4,1,1.3,1,1.49,0.93,7.51,13,1,62,0,1.18,3
0.44,2.3,0,0.55,0,0.8,0.59,3.16,14,1,34,0,1.53,3
2.9,3.48,2,3.67,1,2.31,0.7,7.42,13,0,12,0,0.27,4
0.36,0.74,2,1.51,1,1.02,0.82,6.98,13,0,78,0,0.99,3
0.99,0.85,1,1.34,1,0.6,2.38,7,14,1,9,0,0.42,2
2.62,2.97,1,1.78,1,1.68,1.49,7.18,12,2,14,0,0.25,3
2.06,1.01,0,1.29,0,1.78,0.92,0.94,12,2,6,1,0.16,2
0.02,0.34,1,0.42,0,0.64,0.17,23.08,13,0,2,1,1.1,3
0.73,0.23,0,1.31,0,0.29,0.82,4.41,13,0,34,0,0.4,3
1.82,2.82,0,1.72,1,0.11,1.74,24.42,12,1,1,1,0.92,3
1.37,0.72,1,0.94,0,0.06,0.29,2.67,12,1,4,1,0.44,2
0.65,2.05,1,1.64,0,0.04,0.76,20.52,13,1,13,0,1.32,2
0.8,0,1,1.31,0,1.03,1.21,16.35,13,0,6,0,1.52,2
1.52,1.22,1,2.59,1,1.78,0.37,0.3,13,0,48,1,0.21,3
1.05,2.79,1,1.75,1,0.26,0.99,4.14,12,0,54,2,0.86,3
0.12,0.78,1,0.35,0,0.72,0.29,6.67,13,1,8,1,0.21,2
1.62,1.08,2,0.49,0,0.02,0.3,5.12,13,1,32,2,1.38,3
2.32,3.35,2,0.81,1,0.58,0.46,7.06,13,0,3,0,0.57,3
0.25,0.42,1,0.84,0,1.07,0.05,2.26,12,1,62,2,0.13,3
0.29,0.03,1,0.07,0,0.86,1.42,16.24,14,0,17,3,1.44,4
1.56,0.11,1,2.02,0,0.32,0.02,16.83,14,1,84,2,1.32,2
0.88,0.18,0,1.44,0,0.75,0.3,2.08,12,1,33,1,0.24,3
0.08,0.4,0,0.51,0,0.52,0.87,3.49,15,1,115,1,0.63,4
0.18,0.69,1,0.06,0,0.58,0.25,14.29,13,2,2,1,0.36,2
3.19,0.73,1,0.31,0,0.17,1,7.36,13,1,11,1,0.15,2
2.3,2.99,1,0.35,1,0.88,0.33,3.15,12,1,24,0,0.07,3
0.75,0.28,0,2.84,0,1.11,0.94,13.29,13,1,25,1,0.3,2
1.57,0.81,2,1.52,1,0.19,0.11,2.24,12,2,34,2,0.5,3
3.15,1.11,3,1.61,1,1.9,0.52,19.19,13,1,14,0,0.92,2
0.11,1.37,1,0.45,0,0.32,0.91,8.88,13,2,68,0,0.77,3
0.56,1.65,2,0.23,1,0.5,1.09,17.16,13,1,51,0,0.85,3
0.92,1.98,0,0.89,0,1.29,0.78,1.25,13,0,2,1,0.96,3
1.33,1.95,3,0.73,1,0.94,0.08,9.44,14,1,90,1,1.08,3
1.87,1.9,0,0.36,0,0.05,0.58,6.7,13,1,38,0,0.21,2
1.08,0.95,1,1.26,0,0.5,0.43,5.6,13,1,30,2,0.34,3
0.45,0.83,1,0.67,0,1.37,1.27,6.68,13,0,11,1,0.4,3
3.28,1.24,2,2.23,1,0.92,0.08,2.31,14,0,42,0,0.74,4
2.07,3.54,1,0.4,1,1.14,2.23,7.88,12,0,21,3,0.39,4
2.85,2.63,1,1.07,1,0.87,2.68,2.94,13,1,90,0,0.15,2
0.48,0.6,0,1.54,0,0.69,0.72,13.59,13,0,24,0,0.87,2
1.15,2.63,2,2.04,1,0.57,0.76,0.45,13,2,47,2,0.72,2
0.64,0.24,0,0.39,0,1.17,0.49,5.77,12,2,31,1,0.58,2
3.03,1.26,2,0.66,1,1.64,1.04,2.03,12,1,19,2,1.29,3
0.33,0.42,2,0.68,0,1.59,0.87,14.92,14,2,21,0,1.59,3
0.4,0.27,1,2.91,0,0.47,0.44,1.78,14,1,60,0,0.32,3
0.96,0.34,0,0.52,0,0.14,0.44,1.01,12,1,8,1,0.17,2
0.42,0.37,1,1.22,0,0.13,0.83,5.95,12,2,49,0,0.72,2
4.06,2.12,0,3.52,1,0.77,1.43,7.99,13,1,23,1,1.7,2
1.07,0.46,0,2.83,0,0.61,0.55,2.02,13,0,23,1,0.35,3
2.02,2.5,3,0.69,1,0.46,0.18,17.46,12,1,14,2,0.26,3
1.41,0.18,0,0.13,0,0.14,1.04,8.48,14,0,35,1,1.02,3
1.92,2.99,1,1.73,1,0.46,0.91,3.34,12,1,36,0,0.84,3
0.45,0.04,1,1.39,0,2.09,1.51,5.11,13,1,31,0,1.58,2
1.06,0.81,1,0.64,0,0.38,2.02,5.93,12,0,54,1,0.6,2
2.43,3.11,1,0.12,1,0.43,0.35,8.77,14,2,6,1,1.48,2
0.19,0.26,0,1.39,0,1.16,0.28,8.64,12,0,26,0,0.23,2
0.99,0.21,1,0.03,0,0.59,0.57,13.88,13,0,74,0,2.82,2
3.19,1.22,2,3.12,1,1.33,0.71,3.29,12,1,45,1,1.09,3
4.59,2.43,2,1.73,1,1.2,1.46,11.85,12,0,51,0,0.68,3
0.58,0.41,1,0.25,0,1.2,0.88,5.57,13,1,78,0,0.3,3
0.33,0.55,2,0.63,0,0.22,0.79,14.38,13,1,26,0,1.45,3
2.19,1.56,2,1.45,1,1.62,1.99,7.52,13,1,82,0,0.85,2
0.35,0.83,1,0.62,0,0.54,1.45,2.55,13,1,4,1,1.11,3
0.34,0.15,1,0.7,0,0.3,0.59,14.51,13,0,10,0,1.3,3
0.3,0.36,1,2.15,0,0.71,0.37,12.81,13,1,13,1,0.86,2
2.17,1.99,0,1.82,1,1.74,1.14,9.71,13,0,38,0,0.34,4
3.32,4.09,2,2.44,1,0.81,0.76,10.44,14,1,61,0,0.19,2
1.01,0.16,0,0.25,0,0.28,1.14,12.56,13,1,51,0,0.94,3
1.14,2.21,1,0.8,0,1.13,0.17,1.5,12,1,28,2,0.47,2
1.32,0.36,1,1.48,0,1.14,0.49,1.41,12,2,40,2,0.03,2
1.88,2.73,1,1.78,1,0.37,1.47,1.65,13,0,32,1,0.71,3
2.12,0.37,1,0.57,0,1.18,0.35,3.09,13,0,64,1,1.95,2
0.61,0.31,1,0.47,0,0.65,0.84,22.08,13,2,25,1,1.17,3
3.3,0.81,2,0.78,1,0.54,0.32,1.72,13,0,49,1,0.28,3
0.02,1.26,1,0.16,0,0.4,0.95,4.64,13,1,21,0,0.32,3
1,1.27,2,2.14,1,0.04,0.55,13.44,13,0,1,1,0.92,4
0.5,0.59,1,1.67,0,0.92,1.49,12.64,12,1,2,0,1.18,3
0.84,0.14,1,0.86,0,0.57,0.48,8.18,12,2,36,1,1.34,3
0.55,0.34,1,0.04,0,0.33,1.32,16.14,13,0,48,0,0.72,3
1.76,0.97,1,0.85,1,0.22,1.36,2.04,13,0,8,0,0.25,3
1.63,1.13,2,3.13,1,3.33,0.25,3.01,13,0,49,0,0.94,3
1.61,3.14,2,1.02,1,1.22,0.06,18.79,14,0,36,2,0.45,4
0.92,0.82,1,1.06,0,0.51,2.13,21,13,1,11,2,2.21,3
3.62,2.06,0,0.68,1,1.04,1.48,6.22,14,1,26,2,2.23,3
0.32,0.07,2,0.96,0,2.24,0.44,11.35,13,2,29,1,0.21,3
1.22,0.07,0,0.69,0,0.63,0.29,6.65,13,2,9,2,0.52,4
3.52,2.15,0,0.39,1,0.92,2.42,0.31,13,1,101,1,3.25,2
1,1.19,0,0.86,0,0.45,0.19,6.21,13,0,37,1,0.8,4
0.43,0.08,0,0.25,0,0.9,0.42,6.75,12,1,17,2,0.41,3
0.4,1.12,1,0.23,0,0.69,0.58,9.38,13,1,25,0,0.61,3
0.02,0.39,0,0.58,0,0.16,1.07,9.66,13,2,12,1,1.1,2
0.9,0.18,0,1.47,0,0.05,0.76,15.18,14,1,57,1,0.01,3
2.32,0.77,2,2.2,1,1.39,0.62,28.18,12,0,10,1,0.88,2
1.18,0.6,0,1.04,0,0.34,2.3,3.74,12,0,17,2,0.24,3
3.19,2.85,2,0.83,1,1.65,0.43,8.04,13,1,23,1,0.48,2
1.54,0.49,2,2.3,1,0.7,2.42,1.11,13,1,6,0,1.51,3
0.2,0.26,2,0.95,0,0.81,0.77,2.24,13,0,91,0,1.8,2
0.28,1.28,1,1.44,0,2.34,0.82,4.01,13,1,36,1,0.4,3
0.26,0.15,1,0.48,0,0.49,1.06,5.23,12,1,23,1,0.21,2
2.59,1.47,0,1.58,1,0.25,0.15,0.19,14,1,8,1,0,2
0.47,0.84,0,0.24,0,0.74,2.07,0.41,13,1,3,1,0.73,3
2.87,0.78,1,0.55,1,0.73,0.9,17.68,13,2,32,0,0.32,3
1.35,1.06,0,0.53,0,0.48,1.36,4.52,12,2,46,1,0.63,3
2.13,1.13,2,1.69,1,1.38,0.12,2.65,12,0,34,0,0.22,2
1.94,0.32,1,0.2,0,0.96,0.67,3.3,13,0,76,2,0.74,2
1,0.57,1,0.51,0,0.17,0.1,8.65,12,1,16,0,0.23,2
1.32,1.67,0,0.23,1,1.54,0.85,5.34,12,1,4,1,0.61,3
2.51,1.07,2,1.37,1,0.11,0.48,1.66,13,1,15,1,1.27,3
0.18,0.22,1,0.47,0,0.53,0.69,17.96,13,2,32,1,0.72,2
2.35,0.93,2,2.49,1,0.55,0.27,5.02,12,1,48,1,0.79,3
0.49,1.45,1,1.45,0,1.89,3.14,1.5,13,1,42,2,0.06,2
2.63,2.92,4,0.83,1,0.04,0.82,0.36,12,1,25,2,0.09,3
3.11,2.84,3,0.92,1,1.94,1.1,5.13,12,0,31,0,0.28,3
0.41,0.14,0,0.58,0,0.04,1.72,0.82,12,1,7,2,0,3
0.24,0.31,1,0.13,0,0.28,0.06,5.02,13,0,26,0,0.29,2
0.67,0.52,0,1.41,0,0.02,2.7,3.12,13,0,11,1,0.29,2
3.9,0.65,2,1.98,1,0.37,1.1,5.36,13,0,60,3,1.65,3
1.87,1.58,1,0.54,1,0.85,0.32,13.51,13,0,10,0,0.91,3
0.97,0.04,2,0.04,0,0.15,0.14,0.33,12,1,31,1,1.24,3
1.11,1.44,1,0.61,0,0.33,1.55,9.25,13,1,40,1,0.2,2
1.88,3.32,3,0.91,1,0.13,1.31,11.41,13,1,4,1,0.21,3
0.17,1.72,2,1.09,1,0.56,1.74,9.96,13,0,56,1,0.02,3
2.85,4.13,0,1.14,1,0.85,0.19,0.06,13,0,44,0,0.12,3
0.54,1.01,0,0.08,0,0.2,1.24,4.2,14,2,39,2,0.04,2
0.09,0.16,2,0.04,0,0.65,0.66,7.75,12,0,67,1,1.08,2
0.33,3.24,1,2.39,0,1.7,1.04,17.96,12,0,3,0,0.14,2
2.19,0.31,2,0.32,1,0.73,0.56,21.57,13,1,50,0,0.34,2
0.71,0.18,1,0.72,0,0.68,1.29,14.73,13,1,64,1,1.86,2
1.56,2.11,2,1.39,1,0.33,1.82,1.92,12,1,39,1,0.35,3
0.51,1,2,1.01,0,1.03,0.15,5.93,13,0,10,0,0.27,4
1.74,0.3,1,0.98,1,1.15,0.67,0.33,12,2,23,1,0.31,3
2.74,3.64,0,1.47,1,1.72,0.31,5.28,13,1,7,2,0.41,2
2.62,3.79,3,1.8,1,0.73,1.09,0.22,12,1,44,0,0.84,6
0.94,0.62,2,0.08,0,0.55,0.77,11.25,12,1,79,0,1.77,2
1.09,0.58,0,3.17,0,0.63,0.13,5.07,12,1,17,2,0.39,2
0.54,0.5,1,0.21,0,1.2,0.7,2.63,12,1,92,0,0.79,3
2.81,0.93,3,1.99,1,0.08,1.69,12.33,13,1,54,1,0.38,2
2.37,3.2,1,0.09,1,2.7,0.08,9.36,12,1,39,0,1.67,2
3.84,4.32,1,1.48,1,0.88,0.18,12.86,13,1,13,0,0.54,2
1.78,1.14,3,2.69,1,0.03,0.3,2.03,12,1,8,2,0.16,5
1.65,2.83,3,1.55,1,0.99,0.59,6.23,13,1,15,1,0.17,2
0.02,2.02,1,1.05,0,0.48,0.29,6.07,12,1,45,1,1.53,3
1.7,1.85,1,1.03,1,0.92,0.31,18.34,12,1,42,1,0.19,2
0.8,0.79,2,0.29,0,0.41,2.94,13.13,14,0,10,0,0.96,3
1.62,0.12,1,0.96,0,1.47,0,17.92,14,1,31,1,0.45,4
0.95,2.46,1,2.29,1,0.63,0.1,22.99,12,2,46,1,0.28,3
1.07,0.16,0,0.03,0,0.79,3.09,4.47,12,0,61,1,0.62,4
0.95,0.37,2,1.37,0,0.44,0.05,6.36,12,3,19,0,0.56,4
3.71,3.35,2,0.8,1,0.78,0.61,8.07,14,1,87,1,1.54,2
0.1,0.71,0,0.52,0,1.15,0.69,7.75,14,0,31,0,0.92,4
1.83,1.48,2,1,1,0.89,0.52,2.2,13,0,35,0,0.77,4
0.07,0.32,0,0,0,0.57,0.97,14.47,13,2,39,0,1.22,4
1.16,0.17,1,0.41,0,0.13,1.7,3.59,13,1,28,1,0.31,4
0.93,1,3,1.6,0,0.89,0.88,15.49,13,0,33,1,0.65,2
0.24,0.18,0,0.29,0,0.65,1.65,1.2,13,1,5,1,1.34,2
2.98,4.18,2,1.36,1,0.1,0.02,1.48,13,0,32,0,0.2,3
0.5,0.18,1,1.09,0,0.32,0.31,3.54,13,0,59,1,0.17,2
2.19,0.57,2,2.37,1,0.16,1.19,6.54,13,1,5,1,0.66,4
1,1.47,0,0.1,0,1.65,0.22,3.87,14,0,27,0,0.29,3
0.7,2.59,3,0.4,1,1.84,0.42,2.49,13,1,69,0,0.17,3
2.68,1.67,3,1.76,1,0.78,0.59,5.85,12,2,37,1,0.59,3
1.35,0.75,1,1.74,1,1.08,1.32,8.79,12,0,37,2,1.69,2
1.83,0.45,0,0.41,0,0.49,0.43,2.79,14,3,11,0,1.1,2
0.51,0.69,0,0.53,0,1.07,0.79,19.44,12,1,7,0,1.09,3
1.37,1.97,0,0.29,0,0.07,0.28,2.6,12,1,42,2,0.33,2
1.86,1.9,2,3,1,0.48,0.69,6.96,12,0,39,2,1.11,3
0.95,2.04,1,1.28,0,0.52,0.89,6.57,13,1,25,1,0.35,3
1.61,0.28,1,0.67,0,0.06,0.36,7.62,14,0,33,1,0.35,2
3.31,2.02,2,0.78,1,0.22,1.76,3.11,15,0,39,1,0.72,5
1.64,0.32,1,1.27,0,2.88,0.12,0.07,14,2,12,1,1.47,3
2.74,2.01,1,0.83,1,1.8,0.33,6.59,12,1,3,0,0.11,2
0.08,0.81,1,0.67,0,0.11,1.48,13.45,13,0,25,1,1.47,2
1.6,0.82,1,0.38,0,1.29,0.18,18.49,12,2,44,2,0.23,4
1.75,1.77,2,2.49,1,0.74,0.13,2.45,13,0,43,1,0,2
0.84,0.02,1,0.25,0,0.65,0.39,8.9,15,0,34,1,0.11,2
4.17,2.98,1,2.68,1,0.31,0.59,19.3,12,1,22,3,0.04,3
0.18,1.3,0,0.25,0,0.38,0.86,11.67,12,0,23,1,0.47,3
0.12,0.66,1,1.03,0,2.43,0.24,0.26,12,1,16,0,0.05,3
2.55,2.55,1,0.7,1,0.74,0.86,6.59,12,0,31,1,0.69,3
2.04,1,1,1.48,1,0.48,0.24,8.91,14,1,23,0,0.96,2
3.7,2.5,1,2.47,1,0.54,0.68,23.8,13,0,26,0,0.33,3
0.62,0.78,0,0.65,0,0.24,0.56,2.88,12,0,35,1,1.02,2
2.19,2.76,0,1.48,1,0.07,0.91,13.91,13,1,51,1,1.59,2
0.74,1.77,0,2.32,0,0.91,0.82,7.94,13,1,32,1,0.6,2
1.32,0.47,0,0.78,0,0.85,1.37,24.02,13,1,119,1,0.63,4
1.39,3.83,1,1.52,1,0.43,0.31,0.66,15,1,4,1,0.29,3
0.04,1.23,0,1.2,0,0.94,0.99,5.59,13,0,21,0,0.12,2
1.57,4.08,1,2.6,1,0.44,0.89,7.37,12,1,15,2,0.43,3
0.69,0.09,0,3.18,0,0.2,1.26,2.18,13,1,55,1,1.71,3